kind,key,explanation_or_combination,source_ref,evidence,note
pattern,P01,Hb ↓ + Ferritinë ↓,"J. Snook, N. Bhala, I. L. P. Beales, et al., ""British Society of Gastroenterology guidelines for the management of iron deficiency anaemia in adults,"" *Gut*, vol. 70, no. 11, pp. 2030–2051, 2021, doi: 10.1136/gutjnl-2021-324757. https://gut.bmj.com/content/70/11/2030","Anaemia = Hb below the lower limit of normal for the population; ""Serum ferritin is the single most useful marker of IDA … <15 µg/L indicative of absent iron stores, <30 µg/L generally indicative of low body iron stores.""","SUPPORTED; Ferritin is an acute-phase reactant: a normal/high ferritin does not exclude iron deficiency in inflammation. The rule fires only on low ferritin, which is the specific direction."
pattern,P02,Hb ↓ + MCV ↓,"H. S. Chaudhry and M. R. Kasarla, ""Microcytic Hypochromic Anemia,"" in *StatPearls* [Internet], Treasure Island, FL: StatPearls Publishing, updated Feb. 2026. https://www.ncbi.nlm.nih.gov/books/NBK470252/","Microcytic anaemia = ""low MCV (RBC volume <80 fL) and low hemoglobin content""; iron deficiency is ""the most common cause"", then thalassaemia, lead poisoning.","SUPPORTED; Textbook (NCBI Bookshelf), not a society guideline. Back-up (opened): M. W. Short and J. E. Domagalski, ""Iron Deficiency Anemia: Evaluation and Management,"" *Am Fam Physician*, vol. 87, no. 2, pp. 98–104, 2013, https://www.aafp.org/pubs/afp/issues/2013/0115/p98.html. Combination points to a differential (iron deficiency, thalassaemia, ACD, sideroblastic), not one diagnosis."
pattern,P03,Hb ↓ + Vitaminë B12 ↓,"R. C. Langan and A. J. Goodbred, ""Vitamin B12 Deficiency: Recognition and Management,"" *American Family Physician*, vol. 96, no. 6, pp. 384–389, 2017. https://www.aafp.org/pubs/afp/issues/2017/0915/p384.html","""Vitamin B12 deficiency is a common cause of megaloblastic anemia""; evaluation = CBC + serum B12; ""<150 pg per mL (111 pmol per L) is diagnostic for deficiency.""","SUPPORTED; Classic picture also has MCV ↑ (macrocytic). BSH 2014 (Devalia et al., *Br J Haematol* 166:496–513) and NICE NG239 returned 403 — cite only if you open them yourself. Folate deficiency must be excluded."
pattern,P04,Glukozë ↑ + HbA1c ↑,"American Diabetes Association Professional Practice Committee, ""2. Diagnosis and Classification of Diabetes: Standards of Care in Diabetes—2025,"" *Diabetes Care*, vol. 48, suppl. 1, pp. S27–S49, 2025, doi: 10.2337/dc25-S002. https://diabetesjournals.org/care/article/48/Supplement_1/S27/157566","Thresholds A1C ≥6.5 %, FPG ≥126 mg/dL, 2-h/random PG ≥200 mg/dL; ""In the absence of unequivocal hyperglycemia, diagnosis requires two abnormal results from different tests which may be obtained at the same time (e.g., A1C and FPG)"".","SUPPORTED; Strongest of the 11: ADA names the glucose + A1C pair explicitly. Keep the rule as ""warrants evaluation"" (fasting state, NGSP assay, haemoglobinopathies affect A1C)."
pattern,P05,Kreatininë ↑ + Ure ↑,"A. O. Hosten, ""BUN and Creatinine,"" in *Clinical Methods: The History, Physical, and Laboratory Examinations*, 3rd ed., H. K. Walker, W. D. Hall, J. W. Hurst, Eds. Boston, MA: Butterworths, 1990, ch. 193. https://www.ncbi.nlm.nih.gov/books/NBK305/","""The BUN and sCr are screening tests of renal function … they essentially reflect GFR""; values stay normal until >50 % of renal function is lost; a disproportionately high BUN should prompt a search for extrarenal (prerenal/postrenal) factors.","SUPPORTED; KDIGO 2024 (403, not opened) stages CKD on eGFR, not urea, so a textbook azotaemia reference is the right source for a urea+creatinine pair. Textbook is from 1990 — standard but old; say so. Urea is non-specific (dehydration, GI bleed, protein intake, steroids)."
pattern,P06,ALT ↑ + AST ↑,"P. N. Newsome, R. Cramb, S. M. Davison, et al., ""Guidelines on the management of abnormal liver blood tests,"" *Gut*, vol. 67, no. 1, pp. 6–19, 2018, doi: 10.1136/gutjnl-2017-315541. https://gut.bmj.com/content/67/1/6","""AST and ALT are enzymes present in hepatocytes and are released into the blood stream in response to hepatocyte injury or death (hepatitis)""; ""Hepatitic—predominantly raised ALT and AST indicate hepatocellular liver injury"".","SUPPORTED; BSG guideline, open access. AST also of muscle/cardiac origin; AST:ALT ratio and magnitude matter."
pattern,P07,ALP ↑ + GGT ↑,"Same as P06 (Newsome et al., *Gut* 2018;67(1):6–19). https://gut.bmj.com/content/67/1/6","""Cholestatic—predominantly raised ALP and GGT indicate cholestasis""; GGT ""can be useful in confirming that an elevated ALP is of liver and not bony origin"".","SUPPORTED; Guideline frames GGT exactly as the discriminator for a raised ALP. GGT alone is non-specific (alcohol, drugs, obesity)."
pattern,P08,TSH ↑ + fT4 ↓,"S. A. Wilson, L. A. Stem, and R. D. Bruehlman, ""Hypothyroidism: Diagnosis and Treatment,"" *American Family Physician*, vol. 103, no. 10, pp. 605–613, 2021. https://www.aafp.org/pubs/afp/issues/2021/0515/p605.html","""If the TSH level is high (greater than 4.5 mIU per L), a serum FT4 level should be obtained. A low FT4 level indicates clinical hypothyroidism … An FT4 level within the reference range indicates subclinical hypothyroidism.""",SUPPORTED; NICE NG145 and Jonklaas 2014 (ATA) could not be opened (403/CAPTCHA); the ATA document is a treatment guideline without the biochemical definition. Applies to primary (not central) hypothyroidism.
pattern,P09,TSH ↓ + fT4 ↑,"D. S. Ross, H. B. Burch, D. S. Cooper, et al., ""2016 American Thyroid Association Guidelines for Diagnosis and Management of Hyperthyroidism and Other Causes of Thyrotoxicosis,"" *Thyroid*, vol. 26, no. 10, pp. 1343–1421, 2016, doi: 10.1089/thy.2016.0229. https://journals.sagepub.com/doi/10.1089/thy.2016.0229","""In overt hyperthyroidism, serum free T4, T3, or both are elevated, and serum TSH is subnormal (usually <0.01 mU/L …)""; subclinical = normal fT4/T3 with subnormal TSH.","SUPPORTED; Back-up (opened): I. Kravets, ""Hyperthyroidism: Diagnosis and Treatment,"" *Am Fam Physician*, vol. 93, no. 5, pp. 363–370, 2016, https://www.aafp.org/pubs/afp/issues/2016/0301/p363.html. T3-toxicosis (low TSH, normal fT4) is not captured by the rule."
pattern,P10,Leukocite ↑ + CRP ↑,"L. K. Riley and J. Rupert, ""Evaluation of Patients with Leukocytosis,"" *American Family Physician*, vol. 92, no. 11, pp. 1004–1011, 2015. https://www.aafp.org/pubs/afp/issues/2015/1201/p1004.html","""Leukocytosis is one of the hallmarks of infection""; Table 3 under Infection: ""Consider use of other biomarkers, such as CRP and procalcitonin""; under Chronic inflammation: ""Consider erythrocyte sedimentation rate and CRP levels"".","**PARTIAL**; No guideline formally defines a WBC+CRP pair; the review links leukocytosis to infection/inflammation and names CRP as the complementary marker — that is the honest extent. CRP support (opened): A. Markanday, ""Acute Phase Reactants in Infections,"" *Open Forum Infect Dis*, vol. 2, no. 3, ofv098, 2015, doi: 10.1093/ofid/ofv098. Both markers non-specific (surgery, trauma, steroids, smoking, malignancy). Consider dropping or keeping with this caveat."
pattern,P11,LDL ↑ + HDL ↓,"F. Mach, C. Baigent, A. L. Catapano, et al., ""2019 ESC/EAS Guidelines for the management of dyslipidaemias: lipid modification to reduce cardiovascular risk,"" *European Heart Journal*, vol. 41, no. 1, pp. 111–188, 2020, doi: 10.1093/eurheartj/ehz455. https://academic.oup.com/eurheartj/article/41/1/111/5556353","""increased LDL-C values are causally related to ASCVD""; ""The inverse association between plasma HDL-C and the risk of ASCVD is among the most consistent and reproducible associations in observational epidemiology"".","SUPPORTED; Low HDL is a risk *marker*, not a treatment target (""no evidence from randomized trials that therapeutically increasing plasma HDL-C reduces the risk of CV events""). Rule correctly framed as cardiovascular-risk evaluation."
term,anemi,nivel i ulët i hemoglobinës në gjak,"MedlinePlus, ""Anemia"", https://medlineplus.gov/ency/article/000560.htm","""Anemia is a condition in which the body does not have enough healthy red blood cells … People with anemia do not have enough hemoglobin.""",
term,aterosklerozë,ngurtësim dhe ngushtim i enëve të gjakut,"MedlinePlus, ""Atherosclerosis"", https://medlineplus.gov/ency/article/000171.htm","""Atherosclerosis, sometimes called 'hardening of the arteries,' occurs when fat, cholesterol, and other substances build up in the walls of arteries.""","Source says arteries; ""arterieve"" would be more precise than ""enëve të gjakut""."
term,azotemi,nivel i rritur i mbetjeve azotike në gjak,"MeSH, ""Azotemia"" (D053099), https://meshb.nlm.nih.gov/record/ui?name=Azotemia","""A biochemical abnormality referring to an elevation of BLOOD UREA NITROGEN and CREATININE.""",
term,dislipidemi,vlera të çrregulluara të yndyrnave në gjak,"MeSH, ""Dyslipidemias"" (D050171), https://meshb.nlm.nih.gov/record/ui?name=Dyslipidemias","""Abnormalities in the serum levels of LIPIDS, including overproduction or deficiency.""",
term,gjakderdhje,humbje gjaku nga enët e gjakut,"MedlinePlus, ""Bleeding"", https://medlineplus.gov/ency/article/000045.htm","""Bleeding is the loss of blood … when blood leaks from blood vessels or organs"".",
term,glikozuri,prani e sheqerit në urinë,"MeSH, ""Glycosuria"" (D006029), https://meshb.nlm.nih.gov/record/ui?name=Glycosuria","""The appearance of an abnormally large amount of GLUCOSE in the urine"".","MeSH says ""abnormally large amount"", thesis ""prani""; normally urine has little/no glucose (MedlinePlus ""Glucose in Urine Test"")."
term,hematuri,prani e gjakut në urinë,"MedlinePlus, ""Urine - bloody"", https://medlineplus.gov/ency/article/003138.htm","""Blood in your urine is called hematuria.""",
term,hepatopati,sëmundje e mëlçisë,"MeSH, ""Liver Diseases"" (D008107), https://meshb.nlm.nih.gov/record/ui?name=Liver%20Diseases","""Pathological processes of the LIVER.""",
term,hiperbilirubinemi,nivel i rritur i bilirubinës në gjak,"MeSH, ""Hyperbilirubinemia"" (D006932), https://meshb.nlm.nih.gov/record/ui?name=Hyperbilirubinemia","""A condition characterized by an abnormal increase of BILIRUBIN in the blood, which may result in JAUNDICE.""",
term,hiperfosfatemi,nivel i rritur i fosforit në gjak,"MeSH, ""Hyperphosphatemia"" (D054559), https://meshb.nlm.nih.gov/record/ui?name=Hyperphosphatemia","""A condition of abnormally high level of PHOSPHATES in the blood"".",Source: phosphates; thesis: fosfor — standard lab equivalence.
term,hiperglicemi,nivel i rritur i sheqerit në gjak,"MedlinePlus, ""Hyperglycemia"", https://medlineplus.gov/hyperglycemia.html","""Hyperglycemia means high blood glucose.""",
term,hiperkalcemi,nivel i rritur i kalciumit në gjak,"MedlinePlus, ""Hypercalcemia"", https://medlineplus.gov/ency/article/000365.htm","""Hypercalcemia means you have too much calcium in your blood.""",
term,hiperkalemi,nivel i rritur i kaliumit në gjak,"MedlinePlus, ""High potassium level"", https://medlineplus.gov/ency/article/001179.htm","""A high potassium level is a problem in which the amount of potassium in the blood is higher than normal.""",
term,hiperkloremi,nivel i rritur i klorit në gjak,"Cleveland Clinic, ""Hyperchloremia (High Chloride Levels)"", https://my.clevelandclinic.org/health/diseases/high-chloride-levels","""Hyperchloremia is a condition in which you have high amounts of chloride in your blood.""",No MeSH descriptor exists.
term,hiperkolesterolemi,nivel i rritur i kolesterolit në gjak,"MeSH, ""Hypercholesterolemia"" (D006937), https://meshb.nlm.nih.gov/record/ui?name=Hypercholesterolemia","""A condition with abnormally high levels of CHOLESTEROL in the blood.""",
term,hipernatremi,nivel i rritur i natriumit në gjak,"MeSH, ""Hypernatremia"" (D006955), https://meshb.nlm.nih.gov/record/ui?name=Hypernatremia","""Excessive amount of sodium in the blood.""",
term,hipertiroidizëm,veprimtari e shtuar e gjëndrës tiroide,"MedlinePlus, ""Hyperthyroidism"", https://medlineplus.gov/ency/article/000356.htm","""Hyperthyroidism is a condition in which the thyroid gland makes too much thyroid hormone.""",
term,hipertrigliceridemi,nivel i rritur i trigliceridëve në gjak,"Cleveland Clinic, ""Hypertriglyceridemia"", https://my.clevelandclinic.org/health/diseases/23942-hypertriglyceridemia","""Hypertriglyceridemia is a condition in which you have too many triglycerides in your blood.""",MeSH page rate-limited at fetch time.
term,hiperurikemi,nivel i rritur i acidit urik në gjak,"Cleveland Clinic, ""Hyperuricemia (High Uric Acid Level)"", https://my.clevelandclinic.org/health/diseases/17808-hyperuricemia-high-uric-acid-level","""'Hyperuricemia' is the medical term for having high uric acid levels in your body.""","Blood framing confirmed by MedlinePlus ""Uric Acid Test"", https://medlineplus.gov/lab-tests/uric-acid-test/."
term,hipoalbuminemi,nivel i ulët i albuminës në gjak,"MeSH, ""Hypoalbuminemia"" (D034141), https://meshb.nlm.nih.gov/record/ui?name=Hypoalbuminemia","""A condition in which albumin level in blood (SERUM ALBUMIN) is below the normal range.""",
term,hipofosfatemi,nivel i ulët i fosforit në gjak,"MeSH, ""Hypophosphatemia"" (D017674), https://meshb.nlm.nih.gov/record/ui?name=Hypophosphatemia","""A condition of an abnormally low level of PHOSPHATES in the blood.""","phosphates vs fosfor, as above."
term,hipoglicemi,nivel i ulët i sheqerit në gjak,"MedlinePlus, ""Low blood sugar"", https://medlineplus.gov/ency/article/000386.htm","""Low blood sugar is a condition that occurs when the body's blood sugar (glucose) decreases and is too low.""",
term,hipokalcemi,nivel i ulët i kalciumit në gjak,"MeSH, ""Hypocalcemia"" (D006996), https://meshb.nlm.nih.gov/record/ui?name=Hypocalcemia","""Reduction of the blood calcium below normal.""",
term,hipokalemi,nivel i ulët i kaliumit në gjak,"MedlinePlus, ""Low blood potassium"", https://medlineplus.gov/ency/article/000479.htm","""Low blood potassium level is a condition in which the amount of potassium in the blood is lower than normal.""",
term,hipokloremi,nivel i ulët i klorit në gjak,"Cleveland Clinic, ""Hypochloremia (Low Chloride Levels)"", https://my.clevelandclinic.org/health/diseases/low-chloride-levels","""Hypochloremia is a condition in which you have low amounts of chloride in your blood.""",
term,hipomagnezemi,nivel i ulët i magnezit në gjak,"MedlinePlus, ""Magnesium deficiency"", https://medlineplus.gov/ency/article/000315.htm","""Magnesium deficiency is a condition in which the amount of magnesium in the blood is lower than normal.""",
term,hiponatremi,nivel i ulët i natriumit në gjak,"MedlinePlus, ""Low blood sodium"", https://medlineplus.gov/ency/article/000394.htm","""Low blood sodium is a condition in which the sodium level in the blood is lower than normal.""",
term,hipotiroidizëm,veprimtari e ulët e gjëndrës tiroide,"MedlinePlus, ""Hypothyroidism"", https://medlineplus.gov/ency/article/000353.htm","""Hypothyroidism is a condition in which the thyroid gland does not make enough thyroid hormone.""",
term,ketonuri,prani e trupave ketonikë në urinë,"MeSH, ""Ketosis"" (D007662; ""Ketonuria"" entry term), https://meshb.nlm.nih.gov/record/ui?ui=D007662","""A condition characterized by an abnormally elevated concentration of KETONE BODIES in the blood (acetonemia) or urine (acetonuria).""","Lay alternative: MedlinePlus ""Ketones in Urine"", https://medlineplus.gov/lab-tests/ketones-in-urine/."
term,kolestazë,rrjedhje e penguar e biliarit nga mëlçia,"MedlinePlus, ""Cholestasis"", https://medlineplus.gov/ency/article/000215.htm","""Cholestasis is any condition in which the flow of bile from the liver is slowed or blocked.""",
term,leukocitozë,numër i rritur i qelizave të bardha të gjakut,"MeSH, ""Leukocytosis"" (D007964), https://meshb.nlm.nih.gov/record/ui?ui=D007964","""A transient increase in the number of leukocytes in a body fluid.""",MeSH says transient / body fluid; not material.
term,leukopeni,numër i ulët i qelizave të bardha të gjakut,"MeSH, ""Leukopenia"" (D007970), https://meshb.nlm.nih.gov/record/ui?ui=D007970","""A decrease in the number of LEUKOCYTES in a blood sample below the normal range (LEUKOCYTE COUNT less than 4000).""",
term,limfocitozë,numër i rritur i limfociteve në gjak,"MeSH, ""Lymphocytosis"" (D008218), https://meshb.nlm.nih.gov/record/ui?ui=D008218","""Excess of normal lymphocytes in the blood or in any effusion.""",
term,limfopeni,numër i ulët i limfociteve në gjak,"MeSH, ""Lymphopenia"" (D008231), https://meshb.nlm.nih.gov/record/ui?ui=D008231","""Reduction in the number of lymphocytes.""",
term,nefropati,sëmundje e veshkave,"MeSH, ""Kidney Diseases"" (D007674), https://meshb.nlm.nih.gov/record/ui?ui=D007674","""Pathological processes of the KIDNEY or its component tissues.""","MeSH maps ""nephropathy"" to Kidney Diseases."
term,neutrofili,numër i rritur i një lloji të qelizave të bardha,"Cleveland Clinic, ""Neutrophilia"", https://my.clevelandclinic.org/health/diseases/22367-neutrophilia","""Neutrophilia happens when your body produces too many neutrophils. Neutrophils are a type of white blood cell.""",No MeSH descriptor.
term,neutropeni,numër i ulët i një lloji të qelizave të bardha,"MeSH, ""Neutropenia"" (D009503), https://meshb.nlm.nih.gov/record/ui?ui=D009503","""A decrease in the number of NEUTROPHILS found in the blood.""",
term,osteoporozë,humbje e dendësisë së kockave,"MeSH, ""Osteoporosis"" (D010024), https://meshb.nlm.nih.gov/record/ui?ui=D010024","""Reduction of bone mass without alteration in the composition of bone, leading to fractures.""","""bone mass"" vs ""dendësi"" — equivalent for lay use."
term,policitemi,numër i rritur i qelizave të kuqe në gjak,"MeSH, ""Polycythemia"" (D011086), https://meshb.nlm.nih.gov/record/ui?ui=D011086","""An increase in the total red cell mass of the blood.""",
term,proteinuri,prani e proteinave në urinë,"MeSH, ""Proteinuria"" (D011507), https://meshb.nlm.nih.gov/record/ui?ui=D011507","""The presence of proteins in the urine, an indicator of KIDNEY DISEASES.""",
term,rezistencë ndaj insulinës,përgjigje e dobësuar e qelizave ndaj insulinës,"Cleveland Clinic, ""Insulin Resistance"", https://my.clevelandclinic.org/health/diseases/22206-insulin-resistance","""Insulin resistance happens when cells in your muscles, fat and liver don't respond to insulin as they should.""",MeSH D007333 scope note is dated (insulin-dose based).
term,sideropeni,rezerva të ulëta të hekurit në organizëm,"MeSH, ""Iron Deficiencies"" (D000090463), https://meshb.nlm.nih.gov/record/ui?ui=D000090463","""Deficient amounts of iron in the body as a result of blood loss, diets deficient in iron, or an iron uptake or storage disorder.""",
term,sindrom metabolik,bashkësi çrregullimesh të metabolizmit,"MeSH, ""Metabolic Syndrome"" (D024821), https://meshb.nlm.nih.gov/record/ui?ui=D024821","""A cluster of symptoms that are risk factors for CARDIOVASCULAR DISEASES and TYPE 2 DIABETES MELLITUS … ABDOMINAL OBESITY; atherogenic DYSLIPIDEMIA; HYPERTENSION; HYPERGLYCEMIA; INSULIN RESISTANCE…""","MeSH: cluster of risk factors; components are metabolic, wording holds."
term,steatozë,grumbullim i yndyrës në mëlçi,"MeSH, ""Fatty Liver"" (D005234), https://meshb.nlm.nih.gov/record/ui?ui=D005234","""Lipid infiltration of the hepatic parenchymal cells … abnormal lipid accumulation is usually in the form of TRIGLYCERIDES"".",
term,trombocitopeni,numër i ulët i pllakëzave të gjakut,"MeSH, ""Thrombocytopenia"" (D013921), https://meshb.nlm.nih.gov/record/ui?ui=D013921","""A subnormal level of BLOOD PLATELETS.""",
term,trombocitozë,numër i rritur i pllakëzave të gjakut,"MeSH, ""Thrombocytosis"" (D013922), https://meshb.nlm.nih.gov/record/ui?ui=D013922","""Increased numbers of platelets in the peripheral blood.""",
term,albuminë,proteina kryesore e gjakut e prodhuar nga mëlçia,"MedlinePlus, ""Albumin Blood Test"", https://medlineplus.gov/lab-tests/albumin-blood-test/","""Albumin is a protein made by your liver.""","Page does not literally say ""main"" blood protein."
term,antigjen,substancë që nxit përgjigje të sistemit imunitar,"MedlinePlus, ""Antigen"", https://medlineplus.gov/ency/article/002224.htm","""An antigen is any substance that causes your immune system to produce antibodies against it.""",
term,antitrup,proteinë mbrojtëse e prodhuar nga sistemi imunitar,"MedlinePlus, ""Antibody"", https://medlineplus.gov/ency/article/002223.htm","""An antibody is a protein produced by the body's immune system when it detects harmful substances, called antigens.""",
term,elektrolit,minerale në gjak që mbajnë ekuilibrin e ujit dhe punën e qelizave,"MedlinePlus, ""Electrolyte Panel"", https://medlineplus.gov/lab-tests/electrolyte-panel/","Electrolytes are ""minerals that have an electrical charge when they are dissolved in water or body fluids""; they ""Balance the amount of water in your body … Support your muscle and nerve function"".",
term,enzimë,proteinë që përshpejton reaksionet kimike në trup,"MedlinePlus, ""Enzyme"", https://medlineplus.gov/ency/article/002353.htm","""Enzymes are complex proteins that cause a specific chemical change.""","Source says ""cause a chemical change"" rather than ""speed up""; not material."
term,ferritinë,proteina që ruan hekurin në organizëm,"MedlinePlus, ""Ferritin Blood Test"", https://medlineplus.gov/lab-tests/ferritin-blood-test/","""Ferritin is a protein that binds to iron and stores it in your body.""",
term,filtrim glomerular,shpejtësia me të cilën veshkat pastrojnë gjakun,"MedlinePlus, ""Glomerular filtration rate"", https://medlineplus.gov/ency/article/007305.htm","""GFR is a test used to check how well the kidneys are working. Specifically, it estimates how much blood passes through the glomeruli each minute.""",
term,funksioni hepatik,mënyra si punon mëlçia,"MedlinePlus, ""Liver Function Tests"", https://medlineplus.gov/lab-tests/liver-function-tests/","""Some of these tests can show how well your liver is working"".",
term,funksioni renal,mënyra si punojnë veshkat,"MedlinePlus, ""Kidney Tests"", https://medlineplus.gov/kidneytests.html","""Kidney tests check to see how well your kidneys are working.""",
term,glikemi,niveli i sheqerit në gjak,"MedlinePlus, ""Blood Glucose Test"", https://medlineplus.gov/lab-tests/blood-glucose-test/","""A blood glucose test measures the glucose levels in your blood. Glucose is a type of sugar.""",
term,hemoglobinë,proteina që bart oksigjenin në qelizat e kuqe,"MedlinePlus, ""Hemoglobin Test"", https://medlineplus.gov/lab-tests/hemoglobin-test/","Hemoglobin is ""an iron-rich protein in your red blood cells. It carries oxygen from your lungs to the rest of your body.""",
term,insulinë,hormoni që ul nivelin e sheqerit në gjak,"Cleveland Clinic, ""Insulin"", https://my.clevelandclinic.org/health/body/22601-insulin","""Insulin lowers your blood sugar level.""","MedlinePlus ""Insulin in Blood"" says only ""helps control""."
term,klirens,masa e pastrimit të një substance nga gjaku,"MedlinePlus, ""Creatinine clearance test"", https://medlineplus.gov/ency/article/003611.htm","""The creatinine clearance test helps provide information about how well the kidneys are working. The test compares the creatinine level in urine with the creatinine level in blood.""","Generic concept: MeSH ""Metabolic Clearance Rate"" (D008657)."
term,kortizol,hormon i gjëndrave mbiveshkore,"MedlinePlus, ""Cortisol Test"", https://medlineplus.gov/lab-tests/cortisol-test/","""Cortisol is a hormone made by your adrenal glands"".",
term,kreatininë,mbetje e punës së muskujve që largohet nga veshkat,"MedlinePlus, ""Creatinine Test"", https://medlineplus.gov/lab-tests/creatinine-test/","""Creatinine is a normal waste product in your body. It's made when you use your muscles … your kidneys filter creatinine from your blood and remove it from your body in your urine.""",
term,lipoproteinë,grimcë që bart yndyrnat në gjak,"MedlinePlus, ""Lipoprotein (a) Blood Test"", https://medlineplus.gov/lab-tests/lipoprotein-a-blood-test/","""Lipoproteins are particles made of protein and fats (lipids). They carry cholesterol through your bloodstream to your cells.""",
term,urobilinogjen,produkt i zbërthimit të bilirubinës,"MeSH, ""Urobilinogen"" (D014558), https://meshb.nlm.nih.gov/record/ui?ui=D014558","""A colorless compound formed in the intestines by the reduction of bilirubin.""","Lay alternative: MedlinePlus ""Urobilinogen in Urine""."
term,eritropoezë,prodhimi i qelizave të kuqe të gjakut në palcën kockore,"MeSH, ""Erythropoiesis"" (D004920), https://meshb.nlm.nih.gov/record/ui?ui=D004920","""The production of red blood cells (ERYTHROCYTES). In humans, erythrocytes are produced by … the BONE MARROW in the third trimester and after birth.""",
term,hemolizë,shkatërrim i parakohshëm i qelizave të kuqe,"MedlinePlus, ""Hemolytic anemia"", https://medlineplus.gov/ency/article/000571.htm","""red blood cells in the blood are destroyed earlier than normal.""","MeSH ""Hemolysis"" (D006461) lacks ""premature""."
term,hemostazë,procesi i ndalimit të gjakderdhjes,"MeSH, ""Hemostasis"" (D006487), https://meshb.nlm.nih.gov/record/ui?ui=D006487","""The process which spontaneously arrests the flow of BLOOD from vessels carrying blood under pressure.""",
term,imunitet,aftësia e trupit për t'u mbrojtur nga infeksionet,"MedlinePlus, ""Immune response"", https://medlineplus.gov/ency/article/000821.htm","""The immune response is how your body recognizes and defends itself against bacteria, viruses, and substances that appear foreign and harmful.""","Page defines ""immune response""; meaning matches."
term,inflamacion,përgjigje mbrojtëse e organizmit ndaj dëmtimit ose infeksionit,"Cleveland Clinic, ""What Is Inflammation?"", https://my.clevelandclinic.org/health/symptoms/21660-inflammation","""Inflammation is your body's response to an illness, injury or something that doesn't belong in your body (like germs or toxic chemicals).""",MeSH D007249 frames it as a pathological process; lay source matches the thesis.
term,koagulim,mpiksja e gjakut,"MeSH, ""Blood Coagulation"" (D001777), https://meshb.nlm.nih.gov/record/ui?ui=D001777","""The process of the interaction of BLOOD COAGULATION FACTORS that results in an insoluble FIBRIN clot.""",
term,metabolizëm,tërësia e proceseve kimike që mbajnë gjallë organizmin,"MeSH, ""Metabolism"" (D008660), https://meshb.nlm.nih.gov/record/ui?ui=D008660","""The chemical reactions in living organisms by which energy is provided for vital processes and activities and new material is assimilated.""",
term,analit,substanca e matur në analizë,"Testing.com, ""Lab Testing Glossary"", https://www.testing.com/glossary/","""In the clinical laboratory, a substance from the body that is undergoing analysis. In lay terms, often referred to as a test.""",
term,biomarkues,tregues i matshëm i një gjendjeje në trup,"MeSH, ""Biomarkers"" (D015415), https://meshb.nlm.nih.gov/record/ui?ui=D015415","""Measurable and quantifiable biological parameters … which serve as indices for health- and physiology-related assessments"".",
term,depistim,kontroll i rregullt për zbulim të hershëm,"MedlinePlus, ""Health Screening"", https://medlineplus.gov/healthscreening.html","""Screenings are tests that look for diseases before you have symptoms.""","""Regular/periodic"": MeSH ""Mass Screening"" (D008403)."
term,interval referent,kufijtë brenda të cilëve vlera konsiderohet e zakonshme,"MedlinePlus, ""How to Understand Your Lab Results"", https://medlineplus.gov/lab-tests/how-to-understand-your-lab-results/","""A reference range is a set of numbers that form the high and low ends of the range of results that's considered to be normal.""","Alternative: Testing.com, ""Reference Ranges and What They Mean""."
term,gjëndër,organ që prodhon dhe lëshon substanca në trup,"Cleveland Clinic, ""Glands: Anatomy & Function"", https://my.clevelandclinic.org/health/body/glands","""Glands are specialized cells or groups of cells (tissues) that release important chemicals.""","Source: cells/tissue rather than ""organ""; consider ""organ ose ind""."
term,paratiroide,gjëndra që rregullojnë kalciumin,"MeSH, ""Parathyroid Glands"" (D010280), https://meshb.nlm.nih.gov/record/ui?ui=D010280","""They secrete PARATHYROID HORMONE that regulates the balance of CALCIUM; PHOSPHORUS; and MAGNESIUM in the body.""",
term,tiroide,gjëndra që rregullon shpejtësinë e metabolizmit,"MeSH, ""Thyroid Gland"" (D013961), https://meshb.nlm.nih.gov/record/ui?ui=D013961","""It secretes THYROID HORMONES … thereby regulating METABOLISM and CALCIUM level in blood"".",
term,serum,pjesa e lëngshme e gjakut pa faktorët e mpiksjes,"MeSH, ""Serum"" (D044967), https://meshb.nlm.nih.gov/record/ui?ui=D044967","""The clear portion of BLOOD that is left after BLOOD COAGULATION to remove BLOOD CELLS and clotting proteins.""",
term,plazmë,pjesa e lëngshme e gjakut me faktorët e mpiksjes,"MeSH, ""Plasma"" (D010949), https://meshb.nlm.nih.gov/record/ui?ui=D010949","""The residual portion of BLOOD that is left after removal of BLOOD CELLS by CENTRIFUGATION without prior BLOOD COAGULATION.""",
term,hemogram,analiza e plotë e qelizave të gjakut,"MedlinePlus, ""Complete Blood Count (CBC)"", https://medlineplus.gov/lab-tests/complete-blood-count-cbc/","""A complete blood count, or CBC, is a group of blood tests that measure the number and size of the different cells in your blood.""",
term,transaminaza,enzima që lidhen me funksionin e mëlçisë,"MedlinePlus, ""ALT Blood Test"", https://medlineplus.gov/lab-tests/alt-blood-test/","""ALT (alanine transaminase) is an enzyme … found mainly in your liver."" / ""usually ordered as part of a group of liver function tests"".","Page covers ALT only; MeSH ""Transaminases"" (D000637) has no liver reference."
term,ikter,ngjyrim i verdhë i lëkurës dhe i syve,"MeSH, ""Jaundice"" (D007565), https://meshb.nlm.nih.gov/record/ui?ui=D007565","""A clinical manifestation of HYPERBILIRUBINEMIA, characterized by the yellowish staining of the SKIN; MUCOUS MEMBRANE; and SCLERA.""",
