loinc_code,direction,advice_sq,source_ref,evidence
718-7,increased,"Flisni me mjekun tuaj për sasinë e lëngjeve që pini, sepse dehidrimi mund ta ndikojë këtë vlerë.","MedlinePlus, ""Hemoglobin Test"", https://medlineplus.gov/lab-tests/hemoglobin-test/, accessed 2026-10-07","""If any of your levels are abnormal, it doesn't always mean you have a medical condition that needs treatment. Living at a higher altitude can also cause a high hemoglobin level. Other factors that can affect your results can include: Diet, Activity level, Certain medicines, Dehydration, Smoking, Certain genetic conditions"""
718-7,decreased,"Tregojini mjekut tuaj nëse keni pasur humbje gjaku, për shembull nga një lëndim ose nga menstruacione të rënda, sepse kjo mund ta ndikojë këtë vlerë.","MedlinePlus, ""Hemoglobin Test"", https://medlineplus.gov/lab-tests/hemoglobin-test/, accessed 2026-10-07","Low hemoglobin levels may be a sign of: ""Blood loss from injury, heavy menstrual periods, or other problems"" (list of causes of low hemoglobin in ""What do the results mean?""); ""Talk with your provider if you have questions about your results."""
4544-3,increased,"Flisni me mjekun tuaj për sasinë e lëngjeve që pini, sepse dehidrimi mund ta ndikojë këtë vlerë.","MedlinePlus, ""Hematocrit Test"", https://medlineplus.gov/lab-tests/hematocrit-test/, accessed 2026-10-07","Higher-than-normal hematocrit may indicate low blood plasma from ""Dehydration, the most common cause of a high hematocrit"" (list of causes of a high hematocrit in ""What do the results mean?"")."
4544-3,decreased,"Tregojini mjekut tuaj nëse jeni shtatzënë ose keni pasur humbje gjaku së fundmi, sepse këto mund ta ndikojnë këtë vlerë.","MedlinePlus, ""Hematocrit Test"", https://medlineplus.gov/lab-tests/hematocrit-test/, accessed 2026-10-07","Lower-than-normal hematocrit may indicate ""Recent blood loss from injury"" or ""Chronic blood loss""; ""Pregnancy can cause a low hematocrit"" (because increased body fluid decreases the red blood cell percentage)."
789-8,increased,"Flisni me mjekun tuaj për sasinë e lëngjeve që pini, sepse dehidrimi mund ta ndikojë këtë vlerë.","MedlinePlus, ""Red Blood Cell (RBC) Count"", https://medlineplus.gov/lab-tests/red-blood-cell-rbc-count/, accessed 2026-10-07","A high red blood cell count may be a sign of: ""Dehydration, Heart disease, Polycythemia vera, ... Scarring of the lungs, often due to cigarette smoking, Lung disease, Kidney cancer, Sleep apnea""; ""Misuse of certain drugs for athletic performance (such as anabolic steroids) and living at a high altitude can also cause a high red blood cell count."""
789-8,decreased,Pyesni mjekun tuaj nëse nevojiten analiza të tjera për ta sqaruar këtë vlerë.,"MedlinePlus, ""Red Blood Cell (RBC) Count"", https://medlineplus.gov/lab-tests/red-blood-cell-rbc-count/, accessed 2026-10-07","""If results showed you had a low or a high red blood cell count, you may need more tests to help your provider make a diagnosis. These can include: Reticulocyte count ... Iron tests ... Vitamin B test""; ""Talk to your health care provider if you have questions about your results. Your provider will consider your symptoms, medical history, and the results of other blood tests to understand your red blood cell count results."""
6690-2,increased,"Flisni me mjekun tuaj për barnat që përdorni, për stresin, duhanin ose një shtatzëni të mundshme, sepse këto mund ta ndikojnë këtë vlerë.","MedlinePlus, ""White Blood Count (WBC)"", https://medlineplus.gov/lab-tests/white-blood-count-wbc/, accessed 2026-10-07","""Smoking, stress, a reaction to a medicine, or pregnancy may also cause your body to make more white blood cells, which leads to a high white blood count."""
6690-2,decreased,Pyesni mjekun tuaj nëse nevojiten analiza të tjera për ta sqaruar këtë vlerë.,"MedlinePlus, ""White Blood Count (WBC)"", https://medlineplus.gov/lab-tests/white-blood-count-wbc/, accessed 2026-10-07","""If you have questions about your results, talk to your provider. Your provider will consider your symptoms, medical history, and the results of other blood tests to understand your white blood count results.""; ""White blood count results are often compared with results of other blood tests, including a blood differential."""
777-3,increased,"Tregojini mjekut tuaj nëse keni pasur humbje të madhe gjaku ose një infeksion së fundmi, sepse këto mund ta ndikojnë këtë vlerë.","MedlinePlus, ""Platelet Tests"", https://medlineplus.gov/lab-tests/platelet-tests/, accessed 2026-10-07","""If your results show a higher-than-normal platelet count (thrombocytosis), it may be a sign of: ... A viral or bacterial infection, Severe blood loss""; ""Your provider may consider your symptoms, medical history, and the results of other blood tests to understand the results of your platelet tests."""
777-3,decreased,"Tregojini mjekut tuaj nëse jeni shtatzënë ose keni kaluar së fundmi një infeksion viral, sepse këto mund ta ndikojnë këtë vlerë.","MedlinePlus, ""Platelet Tests"", https://medlineplus.gov/lab-tests/platelet-tests/, accessed 2026-10-07","""If your results show a lower-than-normal platelet count (thrombocytopenia), it may be a sign of: ... A viral infection, such as mononucleosis, hepatitis, or measles. ... Gestational thrombocytopenia. A common, but mild, low-platelet condition that can occur during pregnancy."""
787-2,increased,"Flisni me mjekun tuaj për ushqimin tuaj dhe barnat që përdorni, sepse ato mund ta ndikojnë këtë vlerë.","MedlinePlus, ""MCV (Mean Corpuscular Volume)"", https://medlineplus.gov/lab-tests/mcv-mean-corpuscular-volume/, accessed 2026-10-07","""If your MCV levels are not in the normal range, it doesn't always mean you have a medical problem that needs treatment. Your age, diet, activity level, medicines, menstrual period, and other conditions can affect the test results. Talk with your provider to learn what your results mean."""
787-2,decreased,Pyesni mjekun tuaj nëse nevojiten analiza të tjera për ta sqaruar këtë vlerë.,"MedlinePlus, ""MCV (Mean Corpuscular Volume)"", https://medlineplus.gov/lab-tests/mcv-mean-corpuscular-volume/, accessed 2026-10-07","""If your provider thinks you may have anemia or another blood disorder, you may have other red blood cell tests with an MCV. ... All together, these tests are called red blood cell indices.""; ""Talk with your provider to learn what your results mean."" (Small red blood cells / low MCV listed as a possible sign of iron deficiency anemia or thalassemia, which cannot be named in the advice.)"
785-6,increased,"Flisni me mjekun tuaj për barnat që përdorni dhe për konsumin e alkoolit, sepse këto mund ta ndikojnë këtë vlerë.","Cleveland Clinic, ""MCH in a Blood Test (Mean Corpuscular Hemoglobin)"", https://my.clevelandclinic.org/health/diagnostics/mch-blood-test, accessed 2026-10-07","Causes of high MCH listed: ""Long-term alcohol use disorder.""; ""Medication or treatment side effects. (For example, high MCV may be a side effect of chemotherapy.)""; ""Keep in mind that a high or low result isn't necessarily cause for concern."""
785-6,decreased,Pyesni mjekun tuaj nëse nevojiten analiza të tjera për ta sqaruar këtë vlerë.,"Cleveland Clinic, ""MCH in a Blood Test (Mean Corpuscular Hemoglobin)"", https://my.clevelandclinic.org/health/diagnostics/mch-blood-test, accessed 2026-10-07","""The next steps depend on what's causing your abnormal MCH levels. For example, you may need tests to check your iron stores if your provider suspects an iron deficiency is causing low MCH levels.""; ""Your provider will consider your MCH alongside the other RBC indices to see if there's an issue or to determine if you need additional tests."""
786-4,increased,Pyesni mjekun tuaj nëse nevojiten analiza të tjera për ta sqaruar këtë vlerë.,"Testing.com, ""MCHC Blood Test: What Hemoglobin Concentration Means"", https://www.testing.com/tests/mchc-test/, accessed 2026-10-07","""Higher than MCHC reference range is called hyperchromic anemia, which may be caused by spherocytosis, a rare hereditary condition ..."" (condition names cannot be used); suggested questions for the doctor: ""What does my MCHC result mean for my health? ... Are there any follow-up tests needed based on my MCHC results?"" (No MedlinePlus or Cleveland Clinic page gives MCHC-specific high/low interpretation; MedlinePlus ""RBC indices"" encyclopedia page defines MCHC but its ""What Abnormal Results Mean"" section covers only MCV and MCH.)"
786-4,decreased,Pyesni mjekun tuaj nëse nevojiten analiza të tjera për ta sqaruar këtë vlerë.,"Testing.com, ""MCHC Blood Test: What Hemoglobin Concentration Means"", https://www.testing.com/tests/mchc-test/, accessed 2026-10-07","""Lower than MCHC reference range is called hypochromic anemia, which is often caused by iron deficiency."" (condition/analyte names cannot be used); suggested questions for the doctor: ""Are there any follow-up tests needed based on my MCHC results?"""
2345-7,increased,Pyesni mjekun tuaj nëse kjo vlerë duhet përsëritur esëll.,"MedlinePlus, ""Blood Glucose Test"", https://medlineplus.gov/lab-tests/blood-glucose-test/, accessed 2026-10-07","""If your provider orders a fasting blood glucose test or an oral glucose tolerance test, you will need to fast for at least eight hours before the test.""; ""Ask your provider whether you need to fast before your glucose test."" Higher than normal glucose causes also include ""Stress from surgery, very serious illness, or trauma"" and ""Certain medicines""."
2345-7,decreased,"Tregojini mjekut tuaj nëse nuk keni ngrënë mjaftueshëm ose keni qenë më aktiv fizikisht se zakonisht, sepse këto mund ta ndikojnë këtë vlerë.","MedlinePlus, ""Blood Glucose Test"", https://medlineplus.gov/lab-tests/blood-glucose-test/, accessed 2026-10-07","Lower than normal glucose levels may be caused by: ""Not eating enough, especially after taking diabetes medicine""; ""Being more physically active than usual""; ""Certain medicines""."
4548-4,increased,Pyesni mjekun tuaj nëse kjo vlerë duhet përsëritur ose nëse nevojiten analiza të tjera për ta sqaruar.,"MedlinePlus, ""Hemoglobin A1C (HbA1C) Test"", https://medlineplus.gov/lab-tests/hemoglobin-a1c-hba1c-test/, accessed 2026-10-07","""Providers often use more than one test to diagnose diabetes. So, if your test result was higher than normal, you may have another A1C test or a different type of diabetes test, usually either a fasting blood glucose test or an oral glucose tolerance test (OGTT)."""
4548-4,decreased,"Tregojini mjekut tuaj nëse jeni shtatzënë dhe flisni me të për barnat që përdorni, sepse këto mund ta ndikojnë këtë vlerë.","MedlinePlus, ""Hemoglobin A1C (HbA1C) Test"", https://medlineplus.gov/lab-tests/hemoglobin-a1c-hba1c-test/, accessed 2026-10-07","""Certain medicines such as opioids and some HIV medicines may affect your results, so tell your provider about everything you take.""; ""Also, let your health care provider know if you are pregnant, since this may affect your results."" (The page does not discuss a low A1C result as such; it notes conditions affecting red blood cells, kidney failure and liver disease can make results inaccurate, which cannot be named in the advice.)"
2160-0,increased,"Flisni me mjekun tuaj për sasinë e lëngjeve që pini, për aktivitetin fizik dhe për ushqimin tuaj, sepse dehidrimi, ushtrimet intensive dhe mishi i shumtë mund ta ndikojnë këtë vlerë.","MedlinePlus, ""Creatinine Test"", https://medlineplus.gov/lab-tests/creatinine-test/, accessed 2026-10-07","""High blood creatinine levels don't always mean you have a kidney problem. They may be caused by dehydration, muscle disorders and injuries, muscular dystrophy, intense exercise, or a diet high in meat."""
2160-0,decreased,"Flisni me mjekun tuaj për ushqimin tuaj dhe për çdo humbje të masës muskulore, sepse këto mund ta ndikojnë këtë vlerë.","MedlinePlus, ""Creatinine Test"", https://medlineplus.gov/lab-tests/creatinine-test/, accessed 2026-10-07","""If your blood creatinine level is low for you, it may be a sign of malnutrition or a condition that causes your muscles to get smaller""; ""Creatinine levels that are considered normal for you will depend on how much muscle you have, what you eat, your age, and how active you are."""
3094-0,increased,"Flisni me mjekun tuaj për sasinë e lëngjeve që pini dhe për barnat që përdorni, sepse dehidrimi dhe disa barna mund ta ndikojnë këtë vlerë.","MedlinePlus, ""BUN (Blood Urea Nitrogen)"", https://medlineplus.gov/lab-tests/bun-blood-urea-nitrogen/, accessed 2026-10-07","Higher than normal BUN levels may be caused by: ""Dehydration (too little fluid in your body)"", ""Certain medicines"", ""A high-protein diet""."
3094-0,decreased,"Flisni me mjekun tuaj për ushqimin tuaj, sepse ajo që hani mund ta ndikojë këtë vlerë.","MedlinePlus, ""BUN (Blood Urea Nitrogen)"", https://medlineplus.gov/lab-tests/bun-blood-urea-nitrogen/, accessed 2026-10-07","Lower than normal BUN levels may be caused by: ""A lack of protein in your diet"", ""Malnutrition""."
3084-1,increased,"Flisni me mjekun tuaj për ushqimin tuaj, sepse mishi i kuq, disa prodhime deti, alkooli dhe pijet e ëmbla mund ta ndikojnë këtë vlerë.","MedlinePlus, ""Uric Acid Test"", https://medlineplus.gov/lab-tests/uric-acid-test/, accessed 2026-10-07","The page lists foods that raise uric acid: ""Red meat and organ meats"", certain seafood, alcohol, ""High fructose corn syrup in soda and sweets""; ""Many people have high levels of uric acid without having health problems."""
3084-1,decreased,"Flisni me mjekun tuaj për barnat që përdorni, sepse disa prej tyre mund ta ndikojnë këtë vlerë.","MedlinePlus, ""Uric Acid Test"", https://medlineplus.gov/lab-tests/uric-acid-test/, accessed 2026-10-07","""Low levels of uric acid in blood are uncommon and usually don't cause health problems.""; ""Many medicines, including aspirin, can affect uric acid levels in your blood and urine."""
2951-2,increased,"Flisni me mjekun tuaj për sasinë e lëngjeve që pini dhe për barnat që përdorni, sepse dehidrimi dhe disa barna mund ta ndikojnë këtë vlerë.","MedlinePlus, ""Sodium Blood Test"", https://medlineplus.gov/lab-tests/sodium-blood-test/, accessed 2026-10-07","Higher than normal results may be a sign of: ""Dehydration, which may be caused by not drinking enough, diarrhea, or taking diuretic medicines (water pills)""; ""You may need to stop taking certain medicines before this test, so tell your provider about everything you take."""
2951-2,decreased,"Tregojini mjekut tuaj nëse keni pasur diarre ose të vjella dhe flisni për barnat që përdorni, sepse humbja e lëngjeve dhe disa barna mund ta ndikojnë këtë vlerë.","MedlinePlus, ""Sodium Blood Test"", https://medlineplus.gov/lab-tests/sodium-blood-test/, accessed 2026-10-07","Lower than normal results may be a sign of: ""A loss of sodium from diarrhea or vomiting""; ""Certain medicines, including many over-the-counter pain relievers and some antidepressants""."
2823-3,increased,"Flisni me mjekun tuaj për barnat dhe shtesat ushqimore që përdorni dhe pyesni nëse kjo vlerë duhet përsëritur, sepse edhe shtrëngimi i grushtit gjatë marrjes së gjakut mund ta ndikojë.","MedlinePlus, ""Potassium Blood Test"", https://medlineplus.gov/lab-tests/potassium-blood-test/, accessed 2026-10-07","""Certain medicines and supplements may raise potassium levels.""; ""Repeated clenching and relaxing of your fist just before or during your blood test may temporarily increase the potassium levels in your blood. This may lead to an incorrect result."""
2823-3,decreased,"Tregojini mjekut tuaj nëse keni pasur diarre, të vjella ose djersitje të shumtë dhe flisni për barnat që përdorni, sepse humbja e lëngjeve dhe disa barna mund ta ndikojnë këtë vlerë.","MedlinePlus, ""Potassium Blood Test"", https://medlineplus.gov/lab-tests/potassium-blood-test/, accessed 2026-10-07","Low potassium ""may be a sign of"" side effects from prescription diuretics, fluid loss from diarrhea, vomiting or sweating, using too many laxatives."
2075-0,increased,"Flisni me mjekun tuaj për sasinë e lëngjeve që pini, sepse dehidrimi mund ta ndikojë këtë vlerë.","MedlinePlus, ""Chloride Blood Test"", https://medlineplus.gov/lab-tests/chloride-blood-test/, accessed 2026-10-07","High chloride levels may be a sign of: ""Dehydration.""; ""Many things can affect your chloride levels, such as drinking too much fluid or losing fluid because of vomiting or diarrhea."""
2075-0,decreased,"Tregojini mjekut tuaj nëse keni pasur të vjella ose diarre dhe flisni për sasinë e lëngjeve që pini dhe për barnat që përdorni, sepse këto mund ta ndikojnë këtë vlerë.","MedlinePlus, ""Chloride Blood Test"", https://medlineplus.gov/lab-tests/chloride-blood-test/, accessed 2026-10-07","""Many things can affect your chloride levels, such as drinking too much fluid or losing fluid because of vomiting or diarrhea. Also, certain medicines, such as antacids, can cause abnormal results."""
17861-6,increased,"Flisni me mjekun tuaj për barnat dhe shtesat ushqimore që përdorni, sepse disa prej tyre mund ta ndikojnë këtë vlerë.","MedlinePlus, ""Calcium Blood Test"", https://medlineplus.gov/lab-tests/calcium-blood-test/, accessed 2026-10-07","Higher than normal results may be a sign of ""Taking too much vitamin D over a long period of time""; ""You may need to stop taking certain medicines or supplements, such as vitamin D, so tell your provider about everything you take."""
17861-6,decreased,"Flisni me mjekun tuaj për ushqimin tuaj, sepse ajo që hani mund ta ndikojë këtë vlerë.","MedlinePlus, ""Calcium Blood Test"", https://medlineplus.gov/lab-tests/calcium-blood-test/, accessed 2026-10-07","Lower than normal results may be a sign of: ""Too little calcium in your diet"", ""Too little vitamin D or magnesium""."
2777-1,increased,"Flisni me mjekun tuaj për barnat që përdorni për një kohë të gjatë, sepse disa prej tyre mund ta ndikojnë këtë vlerë.","MedlinePlus, ""Phosphate in Blood"", https://medlineplus.gov/lab-tests/phosphate-in-blood/, accessed 2026-10-07","High phosphate causes include ""Long-term use of certain medicines. These include steroids, laxatives, and enemas that contain phosphate."""
2777-1,decreased,"Flisni me mjekun tuaj për ushqimin tuaj dhe për barnat që përdorni për një kohë të gjatë, sepse ushqimi dhe disa barna mund ta ndikojnë këtë vlerë.","MedlinePlus, ""Phosphate in Blood"", https://medlineplus.gov/lab-tests/phosphate-in-blood/, accessed 2026-10-07","Low phosphate causes include insufficient dietary phosphorus and ""Long-term use of certain medicines. These include antacids that contain aluminum hydroxide or calcium carbonate and certain prescription diuretics""."
2601-3,increased,"Flisni me mjekun tuaj për barnat dhe shtesat ushqimore që përdorni dhe për sasinë e lëngjeve që pini, sepse disa barna dhe dehidrimi mund ta ndikojnë këtë vlerë.","MedlinePlus, ""Magnesium Blood Test"", https://medlineplus.gov/lab-tests/magnesium-blood-test/, accessed 2026-10-07","Higher than normal levels may mean ""You're getting too much magnesium"" from dietary supplements, laxatives, antacids, or prescription medicines; other conditions linked to high levels include dehydration."
2601-3,decreased,"Flisni me mjekun tuaj për ushqimin tuaj, për barnat që përdorni dhe për çdo diarre të zgjatur, dhe pyesni nëse nevojiten analiza të tjera për ta sqaruar këtë vlerë.","MedlinePlus, ""Magnesium Blood Test"", https://medlineplus.gov/lab-tests/magnesium-blood-test/, accessed 2026-10-07","Low levels may mean ""You're not getting enough magnesium in your diet""; ""Your body isn't able absorb magnesium"" (digestive disorders or certain medicines); ""Your body is getting rid of too much magnesium"" (chronic diarrhea); the provider may order ""a magnesium in urine test or a magnesium red blood cell (RBC) test""."
1742-6,increased,"Flisni me mjekun tuaj për barnat që përdorni dhe për aktivitetin fizik të fortë, sepse këto mund ta ndikojnë këtë vlerë.","MedlinePlus, ""ALT Blood Test"", https://medlineplus.gov/lab-tests/alt-blood-test/, accessed 2026-10-07","""Many things can affect your results, such as your age, sex, weight, and certain medicines and dietary supplements. Your ALT levels can also be affected by intense exercise and where you are in your menstrual cycle."" Higher-than-usual levels may be due to liver damage from ""... Certain medicines ... or Poisons."" Preparation: ""You may need to stop taking certain medicines before the test, so tell your provider about everything you take."""
1742-6,decreased,Pyesni mjekun tuaj se si interpretohet kjo vlerë së bashku me analizat e tjera që ju janë bërë.,"MedlinePlus, ""ALT Blood Test"", https://medlineplus.gov/lab-tests/alt-blood-test/, accessed 2026-10-07","""Lower-than-usual levels of ALT in your blood are not common."" ""An ALT blood test is often done as part of a group of liver function tests."" ""To learn what your results mean, talk with your provider."" (Low causes listed are conditions — B6 deficiency, chronic kidney disease — which may not be named.)"
1920-8,increased,"Flisni me mjekun tuaj për aktivitetin fizik, për një shtatzëni të mundshme dhe për barnat që përdorni, sepse këto mund ta ndikojnë këtë vlerë.","MedlinePlus, ""AST Test"", https://medlineplus.gov/lab-tests/ast-test/, accessed 2026-10-07","""If your results are not in the normal range, it doesn't always mean that you have a medical condition that needs treatment. Many things can affect your results, such as pregnancy, exercise, certain medicines, and your age or sex. Talk with your provider to learn what your results mean."""
1920-8,decreased,Pyesni mjekun tuaj nëse kjo vlerë ka nevojë për ndonjë sqarim të mëtejshëm.,"MedlinePlus, ""AST Test"", https://medlineplus.gov/lab-tests/ast-test/, accessed 2026-10-07","""Low levels of AST in the blood are usually considered normal."" ""Talk with your provider to learn what your results mean."""
6768-6,increased,"Pyesni mjekun tuaj nëse nevojiten analiza të tjera për të sqaruar burimin e kësaj vlere, pasi shtatzënia, mosha, ushqimi dhe disa barna mund ta ndikojnë atë.","MedlinePlus, ""Alkaline Phosphatase"", https://medlineplus.gov/lab-tests/alkaline-phosphatase/, accessed 2026-10-07","""If your test results show high ALP levels, your provider may order other tests to help figure out what's causing the problem. These tests may include: An ALP isoenzyme test ... Liver function tests."" ""Many things can affect ALP levels. For example: Pregnancy can cause higher than normal ALP levels. Children and teens may have high levels of ALP because their bones are growing. Birth control pills and certain medicines may lower ALP levels, while other medicines can cause the levels to increase. Eating a fatty meal before an alkaline phosphatase test may also cause a small increase in ALP."""
6768-6,decreased,"Flisni me mjekun tuaj për ushqimin tuaj dhe për barnat që përdorni, sepse këto mund ta ndikojnë këtë vlerë.","MedlinePlus, ""Alkaline Phosphatase"", https://medlineplus.gov/lab-tests/alkaline-phosphatase/, accessed 2026-10-07","""Low levels of ALP are less common. They may be a sign of: Zinc deficiency, Protein deficiency, Malnutrition, ..."" ""Birth control pills and certain medicines may lower ALP levels, while other medicines can cause the levels to increase."""
2324-2,increased,"Flisni me mjekun tuaj për barnat që përdorni, për alkoolin dhe për duhanin, sepse këto mund ta ndikojnë këtë vlerë.","MedlinePlus, ""Gamma-Glutamyl Transferase (GGT) Test"", https://medlineplus.gov/lab-tests/gamma-glutamyl-transferase-ggt-test/, accessed 2026-10-07","""Talk to your provider to see if there are any specific instructions, since the results of your GGT test may be affected by: Certain medicines or supplements, Drinking alcohol, Smoking cigarettes."" Results: higher-than-normal GGT may be due to ""... Side effects of a medicine. Certain medicines can cause liver damage in some people."""
2324-2,decreased,"Tregojini mjekut tuaj nëse kishit ngrënë para analizës, sepse ushqimi mund ta ndikojë këtë vlerë.","MedlinePlus, ""Gamma-Glutamyl Transferase (GGT) Test"", https://medlineplus.gov/lab-tests/gamma-glutamyl-transferase-ggt-test/, accessed 2026-10-07","""GGT levels go down after meals. Your provider may also ask you to fast for a certain amount of time before testing."" ""If your results show low or normal levels of GGT, you probably don't have liver disease."""
1975-2,increased,"Flisni me mjekun tuaj për barnat që përdorni, për ushqimin dhe për aktivitetin fizik të fortë, sepse këto mund ta ndikojnë këtë vlerë.","MedlinePlus, ""Bilirubin Blood Test"", https://medlineplus.gov/lab-tests/bilirubin-blood-test/, accessed 2026-10-07","""Abnormal results don't always mean you have a medical condition that needs treatment. Higher-than-normal bilirubin levels can also be caused by some medicines, certain foods, or strenuous exercise. To learn what your results mean, talk with your provider."""
1975-2,decreased,"Flisni me mjekun tuaj për barnat që përdorni, sepse disa prej tyre mund ta ndikojnë këtë vlerë, e cila zakonisht nuk është shqetësuese.","MedlinePlus, ""Bilirubin Blood Test"", https://medlineplus.gov/lab-tests/bilirubin-blood-test/, accessed 2026-10-07","""Low bilirubin levels (hypobilirubinemia) are not usually a cause for concern but may be due to: Medicines such as antibiotics, birth control pills, sleeping pills, and seizure medicines."""
1751-7,increased,"Flisni me mjekun tuaj për sasinë e lëngjeve që pini dhe për barnat që përdorni, sepse dehidrimi dhe disa barna mund ta ndikojnë këtë vlerë.","MedlinePlus, ""Albumin Blood Test"", https://medlineplus.gov/lab-tests/albumin-blood-test/, accessed 2026-10-07","""Higher than normal albumin levels in your blood may be a sign of dehydration, which may be caused by severe diarrhea or other conditions."" ""Certain medicines, including steroids, insulin, and hormones, can increase albumin levels."""
1751-7,decreased,"Tregojini mjekut tuaj nëse jeni shtatzënë, nëse nuk kishit ngrënë për një kohë të gjatë para analizës ose nëse përdorni ndonjë bar, sepse këto mund ta ndikojnë këtë vlerë.","MedlinePlus, ""Albumin Blood Test"", https://medlineplus.gov/lab-tests/albumin-blood-test/, accessed 2026-10-07","Albumin may be lower if ""you haven't eaten for 24 to 48 hours, or take certain medicines, including birth control pills. Albumin levels are also lower during pregnancy."" ""Certain medicines may affect your test results, so tell your provider what you are taking."""
2885-2,increased,Pyesni mjekun tuaj nëse nevojiten analiza të tjera për ta sqaruar këtë vlerë.,"MedlinePlus, ""Total Protein and Albumin/Globulin (A/G) Ratio"", https://medlineplus.gov/lab-tests/total-protein-and-albumin-globulin-a-g-ratio/, accessed 2026-10-07","""Your provider may order a separate blood test for albumin and/or a test for globulins."" ""The globulins test is called serum electrophoresis."" (High causes listed — ""An infection such as HIV or viral hepatitis, Multiple myeloma"" — are conditions, not named.)"
2885-2,decreased,"Flisni me mjekun tuaj për ushqimin tuaj dhe për çdo problem të tretjes, sepse këto mund ta ndikojnë këtë vlerë.","MedlinePlus, ""Total Protein and Albumin/Globulin (A/G) Ratio"", https://medlineplus.gov/lab-tests/total-protein-and-albumin-globulin-a-g-ratio/, accessed 2026-10-07","""If your total protein levels were low, it may be a sign of one of the following conditions: Liver disease, Kidney disease, Malnutrition, a condition in which your body does not get the calories, vitamins, and/or minerals needed for good health, A malabsorption syndrome, a type of disorder in which your small intestine can't absorb enough nutrients from food."""
2093-3,increased,"Flisni me mjekun tuaj për ushqimin, aktivitetin fizik dhe zakonet tuaja të përditshme, para se të bëni ndonjë ndryshim të madh.","MedlinePlus, ""Cholesterol Levels"", https://medlineplus.gov/lab-tests/cholesterol-levels/, accessed 2026-10-07","""But there are actions you can take to lower your LDL levels and reduce your risk, including: Eat a healthy diet ... Manage your weight ... Stay active ... Quit smoking ... Reduce stress ... Avoid drinking too much alcohol. Alcohol can raise your total cholesterol level. Talk to your provider before making any major change in your diet or exercise routine."""
2093-3,decreased,"Pyesni mjekun tuaj se cila vlerë është e përshtatshme për ju, pasi kjo varet nga mosha, historia familjare dhe mënyra e jetesës.","MedlinePlus, ""Cholesterol Levels"", https://medlineplus.gov/lab-tests/cholesterol-levels/, accessed 2026-10-07","""A healthy cholesterol level for you may depend on your age, family history, lifestyle, and other risk factors for heart disease, such as high triglyceride levels."" (The page says nothing specific about low total cholesterol.)"
2085-9,increased,"Pyesni mjekun tuaj se si interpretohet kjo vlerë së bashku me rezultatet e tjera të analizës suaj, pasi ajo zakonisht konsiderohet e favorshme.","MedlinePlus, ""HDL: The Good Cholesterol"", https://medlineplus.gov/hdlthegoodcholesterol.html, accessed 2026-10-07","""With HDL cholesterol, higher numbers are better, because a high HDL level can lower your risk for coronary artery disease and stroke."" The page does not discuss very high HDL as a problem; MedlinePlus ""Cholesterol Levels"" adds: ""In general, low LDL levels and high HDL cholesterol levels are good for heart health."""
2085-9,decreased,"Flisni me mjekun tuaj për ushqimin, peshën, aktivitetin fizik, duhanin dhe alkoolin, sepse mënyra e jetesës mund ta ndikojë këtë vlerë.","MedlinePlus, ""HDL: The Good Cholesterol"", https://medlineplus.gov/hdlthegoodcholesterol.html, accessed 2026-10-07","""If your HDL level is too low, lifestyle changes may help."" ""Eat a healthy diet. To raise your HDL level, you need to eat good fats instead of bad fats."" ""Stay at a healthy weight. You can boost your HDL level by losing weight, especially if you have lots of fat around your waist."" ""Getting regular exercise can raise your HDL level, as well as lower your LDL."" ""Smoking and exposure to secondhand smoke can lower your HDL level."" ""Limit alcohol. Moderate alcohol may lower your HDL level."""
13457-7,increased,"Flisni me mjekun tuaj për ushqimin, peshën, aktivitetin fizik, duhanin dhe barnat që përdorni, sepse këto mund ta ndikojnë këtë vlerë.","MedlinePlus, ""LDL: The Bad Cholesterol"", https://medlineplus.gov/ldlthebadcholesterol.html, accessed 2026-10-07","""Things that can affect your LDL level include: Diet. Saturated fat and cholesterol in the food you eat ... Weight. Being overweight tends to raise your LDL level ... Physical inactivity ... Smoking. Cigarette smoking lowers your HDL cholesterol ... Age and sex ... Genetics ... Medicines ... Medical conditions ... Race or ethnicity."" ""If lifestyle changes alone do not lower your LDL level enough, you may also need to take medicines."""
13457-7,decreased,"Pyesni mjekun tuaj se si interpretohet kjo vlerë së bashku me rezultatet e tjera të analizës suaj, pasi ajo zakonisht konsiderohet e favorshme.","MedlinePlus, ""Cholesterol Levels"", https://medlineplus.gov/lab-tests/cholesterol-levels/, accessed 2026-10-07","""In general, low LDL levels and high HDL cholesterol levels are good for heart health."" The LDL page (https://medlineplus.gov/ldlthebadcholesterol.html) contains no information about LDL being too low, so only this cautious sentence is supported."
2571-8,increased,"Flisni me mjekun tuaj për ushqimin, aktivitetin fizik, gjumin, stresin dhe alkoolin, para se të bëni ndonjë ndryshim të madh.","MedlinePlus, ""Triglycerides Test"", https://medlineplus.gov/lab-tests/triglycerides-test/, accessed 2026-10-07","""To lower your blood triglycerides, your provider may recommend lifestyle changes, such as: Eating heart-healthy foods ... Getting regular exercise ... Staying at a healthy weight ... Managing stress ... Quitting smoking ... Getting enough sleep ... Limiting alcohol."" ""Before making any major changes to your diet or exercise routine, talk with your provider."""
2571-8,decreased,"Pyesni mjekun tuaj se si interpretohet kjo vlerë, pasi raste të tilla janë shumë të rralla.","MedlinePlus, ""Triglycerides Test"", https://medlineplus.gov/lab-tests/triglycerides-test/, accessed 2026-10-07","""Triglyceride levels that are too low are very uncommon."" (The page gives no cause or follow-up for low levels.)"
3016-3,increased,Flisni me mjekun tuaj për barnat që përdorni dhe pyesni nëse nevojiten analiza të tjera për ta sqaruar këtë vlerë.,"MedlinePlus, ""TSH (Thyroid-stimulating hormone) Test"", https://medlineplus.gov/lab-tests/tsh-thyroid-stimulating-hormone-test/, accessed 2026-10-07","""If your test results aren't normal, your provider will probably order other thyroid blood tests to find out what's causing your thyroid problem.""; ""You may need to stop taking certain medicines before this test, so tell your provider about everything you take."""
3016-3,decreased,"Tregojini mjekut tuaj nëse jeni shtatzënë ose nëse keni pasur së fundmi probleme serioze shëndetësore, sepse këto mund ta ndikojnë përkohësisht këtë vlerë.","MedlinePlus, ""TSH (Thyroid-stimulating hormone) Test"", https://medlineplus.gov/lab-tests/tsh-thyroid-stimulating-hormone-test/, accessed 2026-10-07","""Some serious illnesses (that are not related to your thyroid) may cause a lower TSH level for a short time.""; in pregnancy TSH levels ""are often a little low during the first three months."""
3024-7,increased,Flisni me mjekun tuaj për barnat që përdorni dhe pyesni nëse nevojiten analiza të tjera për ta sqaruar këtë vlerë.,"MedlinePlus, ""Thyroxine (T4) Test"", https://medlineplus.gov/lab-tests/thyroxine-t4-test/, accessed 2026-10-07","""If your T4 results are abnormal, you may need more testing to find the cause. But abnormal T4 levels don't always mean you have a medical condition that needs treatment. Many things can affect your T4 levels, including severe illness and certain medicines""."
3024-7,decreased,"Tregojini mjekut tuaj nëse keni pasur së fundmi probleme serioze shëndetësore dhe flisni për barnat që përdorni, sepse këto mund ta ndikojnë këtë vlerë.","MedlinePlus, ""Thyroxine (T4) Test"", https://medlineplus.gov/lab-tests/thyroxine-t4-test/, accessed 2026-10-07","""Many things can affect your T4 levels, including severe illness and certain medicines, such as birth control pills and steroids."""
3051-0,increased,"Pyesni mjekun tuaj se si interpretohet kjo vlerë së bashku me analizat e tjera që ju janë bërë, dhe tregojini për barnat që përdorni.","MedlinePlus, ""Triiodothyronine (T3) Tests"", https://medlineplus.gov/lab-tests/triiodothyronine-t3-tests/, accessed 2026-10-07","""To understand the results of your T3 test, your provider will usually compare them with the results of your TSH and T4 tests."" ""Certain medicines and supplements can affect your test results. Your provider will let you know if you need to stop taking any medicines before your test. But don't stop taking any medicines unless your provider tells you to."""
3051-0,decreased,"Flisni me mjekun tuaj për barnat dhe produktet e tjera që përdorni, sepse ato mund ta ndikojnë këtë vlerë.","MedlinePlus, ""Triiodothyronine (T3) Tests"", https://medlineplus.gov/lab-tests/triiodothyronine-t3-tests/, accessed 2026-10-07","""Certain medicines and supplements can affect your test results. Your provider will let you know if you need to stop taking any medicines before your test. But don't stop taking any medicines unless your provider tells you to."" ""To understand the results of your T3 test, your provider will usually compare them with the results of your TSH and T4 tests."""
2276-4,increased,"Tregojini mjekut tuaj nëse keni kaluar së fundmi një infeksion ose një operacion, sepse këto mund ta ndikojnë këtë vlerë.","MedlinePlus, ""Ferritin Blood Test"", https://medlineplus.gov/lab-tests/ferritin-blood-test/, accessed 2026-10-07","""Higher than normal ferritin levels can be caused by having too much iron in your body. Other conditions that may cause increased ferritin levels include: Inflammation (like from infection or surgery), An autoimmune disorder, Liver disease, Cancer, Obesity, Alcohol use disorder, Hyperthyroidism""; ""If your ferritin results are not normal, it does not always mean you have a medical condition that needs treatment."""
2276-4,decreased,"Flisni me mjekun tuaj për barnat që përdorni, sepse disa prej tyre mund ta ndikojnë këtë vlerë.","MedlinePlus, ""Ferritin Blood Test"", https://medlineplus.gov/lab-tests/ferritin-blood-test/, accessed 2026-10-07","""Certain medicines can decrease or increase your ferritin levels. If you have questions about your results, talk with your provider."" (Low ferritin itself is explained only as ""iron deficiency anemia, or another condition related to low iron levels"", which cannot be named in the advice.)"
2498-4,increased,Pyesni mjekun tuaj nëse kjo vlerë duhet përsëritur esëll dhe në mëngjes.,"MedlinePlus, ""Iron Tests"", https://medlineplus.gov/lab-tests/iron-tests/, accessed 2026-10-07","""Your provider may ask you to fast (not eat or drink) for 12 hours before your test. The test is usually done in the morning.""; ""Some medicines, including birth control pills and estrogen treatments, can affect iron levels."""
2498-4,decreased,"Tregojini mjekut tuaj nëse analiza është bërë gjatë ciklit menstrual, sepse kjo mund ta ndikojë këtë vlerë.","MedlinePlus, ""Iron Tests"", https://medlineplus.gov/lab-tests/iron-tests/, accessed 2026-10-07","""Some medicines, including birth control pills and estrogen treatments, can affect iron levels. Iron levels may also be lower for women during their menstrual cycles.""; ""If you have questions about your results, talk to your provider."""
1988-5,increased,"Flisni me mjekun tuaj për barnat që përdorni, sepse disa prej tyre mund ta ndikojnë këtë vlerë.","MedlinePlus, ""C-Reactive Protein (CRP) Test"", https://medlineplus.gov/lab-tests/c-reactive-protein-crp-test/, accessed 2026-10-07","""Some medicines may affect your results. So, tell your provider about any supplements or medicines that you take, including magnesium and non-steroidal anti-inflammatory drugs (NSAIDS) such as ibuprofen and aspirin.""; ""Your CRP test results tell you how much inflammation you have in your body, but not what's causing it or where it is."" The page also lists insomnia, depression, hormone therapy for menopause, obesity and female sex as associated with higher CRP."
1988-5,decreased,,"MedlinePlus, ""C-Reactive Protein (CRP) Test"", https://medlineplus.gov/lab-tests/c-reactive-protein-crp-test/, accessed 2026-10-07","The page treats a low CRP as the expected finding and gives no cause, follow-up or preparation advice for it: ""A value of 0.8-1.0 milligrams per deciliter (mg/dL) or lower is thought to be a healthy amount."" Healthy people have little CRP in their blood; only higher-than-normal results are interpreted. Nothing on the page supports a patient-facing sentence for a decreased value, so none is given."
2132-9,increased,"Flisni me mjekun tuaj për barnat që përdorni, sepse disa prej tyre mund ta ndikojnë këtë vlerë.","MedlinePlus, ""Vitamin B Test"", https://medlineplus.gov/lab-tests/vitamin-b-test/, accessed 2026-10-07","""The meaning of vitamin B test results isn't always clear. That's because several things can affect the results, including inflammation in your body and certain medicines."""
2132-9,decreased,Pyesni mjekun tuaj nëse nevojiten analiza të tjera për ta sqaruar këtë vlerë.,"MedlinePlus, ""Vitamin B Test"", https://medlineplus.gov/lab-tests/vitamin-b-test/, accessed 2026-10-07","""If you're lacking in one or more B vitamins, you may need other tests to find out why."""
1989-3,increased,"Flisni me mjekun tuaj për shtesat ushqimore që përdorni, sepse ato mund ta ndikojnë këtë vlerë.","MedlinePlus, ""Vitamin D Test"", https://medlineplus.gov/lab-tests/vitamin-d-test/, accessed 2026-10-07","""If your total vitamin D levels are high or toxic, it usually means you're getting too much from supplements."""
1989-3,decreased,"Flisni me mjekun tuaj për ushqimin tuaj, për ekspozimin ndaj diellit dhe për barnat që përdorni, sepse këto mund ta ndikojnë këtë vlerë.","MedlinePlus, ""Vitamin D Test"", https://medlineplus.gov/lab-tests/vitamin-d-test/, accessed 2026-10-07","Deficient or insufficient results may mean you ""Don't get enough vitamin D from your diet and/or exposure to sunlight"" or ""Take a medicine that affects vitamin D levels""."
