loinc_code,direction,advice_sq,source_ref
718-7,increased,"Flisni me mjekun tuaj për sasinë e lëngjeve që pini, sepse dehidrimi mund ta ndikojë këtë vlerë.","MedlinePlus, ""Hemoglobin Test"", https://medlineplus.gov/lab-tests/hemoglobin-test/, accessed 2026-10-07"
718-7,decreased,"Tregojini mjekut tuaj nëse keni pasur humbje gjaku, për shembull nga një lëndim ose nga menstruacione të rënda, sepse kjo mund ta ndikojë këtë vlerë.","MedlinePlus, ""Hemoglobin Test"", https://medlineplus.gov/lab-tests/hemoglobin-test/, accessed 2026-10-07"
4544-3,increased,"Flisni me mjekun tuaj për sasinë e lëngjeve që pini, sepse dehidrimi mund ta ndikojë këtë vlerë.","MedlinePlus, ""Hematocrit Test"", https://medlineplus.gov/lab-tests/hematocrit-test/, accessed 2026-10-07"
4544-3,decreased,"Tregojini mjekut tuaj nëse jeni shtatzënë ose keni pasur humbje gjaku së fundmi, sepse këto mund ta ndikojnë këtë vlerë.","MedlinePlus, ""Hematocrit Test"", https://medlineplus.gov/lab-tests/hematocrit-test/, accessed 2026-10-07"
789-8,increased,"Flisni me mjekun tuaj për sasinë e lëngjeve që pini, sepse dehidrimi mund ta ndikojë këtë vlerë.","MedlinePlus, ""Red Blood Cell (RBC) Count"", https://medlineplus.gov/lab-tests/red-blood-cell-rbc-count/, accessed 2026-10-07"
789-8,decreased,Pyesni mjekun tuaj nëse nevojiten analiza të tjera për ta sqaruar këtë vlerë.,"MedlinePlus, ""Red Blood Cell (RBC) Count"", https://medlineplus.gov/lab-tests/red-blood-cell-rbc-count/, accessed 2026-10-07"
6690-2,increased,"Flisni me mjekun tuaj për barnat që përdorni, për stresin, duhanin ose një shtatzëni të mundshme, sepse këto mund ta ndikojnë këtë vlerë.","MedlinePlus, ""White Blood Count (WBC)"", https://medlineplus.gov/lab-tests/white-blood-count-wbc/, accessed 2026-10-07"
6690-2,decreased,Pyesni mjekun tuaj nëse nevojiten analiza të tjera për ta sqaruar këtë vlerë.,"MedlinePlus, ""White Blood Count (WBC)"", https://medlineplus.gov/lab-tests/white-blood-count-wbc/, accessed 2026-10-07"
777-3,increased,"Tregojini mjekut tuaj nëse keni pasur humbje të madhe gjaku ose një infeksion së fundmi, sepse këto mund ta ndikojnë këtë vlerë.","MedlinePlus, ""Platelet Tests"", https://medlineplus.gov/lab-tests/platelet-tests/, accessed 2026-10-07"
777-3,decreased,"Tregojini mjekut tuaj nëse jeni shtatzënë ose keni kaluar së fundmi një infeksion viral, sepse këto mund ta ndikojnë këtë vlerë.","MedlinePlus, ""Platelet Tests"", https://medlineplus.gov/lab-tests/platelet-tests/, accessed 2026-10-07"
787-2,increased,"Flisni me mjekun tuaj për ushqimin tuaj dhe barnat që përdorni, sepse ato mund ta ndikojnë këtë vlerë.","MedlinePlus, ""MCV (Mean Corpuscular Volume)"", https://medlineplus.gov/lab-tests/mcv-mean-corpuscular-volume/, accessed 2026-10-07"
787-2,decreased,Pyesni mjekun tuaj nëse nevojiten analiza të tjera për ta sqaruar këtë vlerë.,"MedlinePlus, ""MCV (Mean Corpuscular Volume)"", https://medlineplus.gov/lab-tests/mcv-mean-corpuscular-volume/, accessed 2026-10-07"
785-6,increased,"Flisni me mjekun tuaj për barnat që përdorni dhe për konsumin e alkoolit, sepse këto mund ta ndikojnë këtë vlerë.","Cleveland Clinic, ""MCH in a Blood Test (Mean Corpuscular Hemoglobin)"", https://my.clevelandclinic.org/health/diagnostics/mch-blood-test, accessed 2026-10-07"
785-6,decreased,Pyesni mjekun tuaj nëse nevojiten analiza të tjera për ta sqaruar këtë vlerë.,"Cleveland Clinic, ""MCH in a Blood Test (Mean Corpuscular Hemoglobin)"", https://my.clevelandclinic.org/health/diagnostics/mch-blood-test, accessed 2026-10-07"
786-4,increased,Pyesni mjekun tuaj nëse nevojiten analiza të tjera për ta sqaruar këtë vlerë.,"Testing.com, ""MCHC Blood Test: What Hemoglobin Concentration Means"", https://www.testing.com/tests/mchc-test/, accessed 2026-10-07"
786-4,decreased,Pyesni mjekun tuaj nëse nevojiten analiza të tjera për ta sqaruar këtë vlerë.,"Testing.com, ""MCHC Blood Test: What Hemoglobin Concentration Means"", https://www.testing.com/tests/mchc-test/, accessed 2026-10-07"
2345-7,increased,Pyesni mjekun tuaj nëse kjo vlerë duhet përsëritur esëll.,"MedlinePlus, ""Blood Glucose Test"", https://medlineplus.gov/lab-tests/blood-glucose-test/, accessed 2026-10-07"
2345-7,decreased,"Tregojini mjekut tuaj nëse nuk keni ngrënë mjaftueshëm ose keni qenë më aktiv fizikisht se zakonisht, sepse këto mund ta ndikojnë këtë vlerë.","MedlinePlus, ""Blood Glucose Test"", https://medlineplus.gov/lab-tests/blood-glucose-test/, accessed 2026-10-07"
4548-4,increased,Pyesni mjekun tuaj nëse kjo vlerë duhet përsëritur ose nëse nevojiten analiza të tjera për ta sqaruar.,"MedlinePlus, ""Hemoglobin A1C (HbA1C) Test"", https://medlineplus.gov/lab-tests/hemoglobin-a1c-hba1c-test/, accessed 2026-10-07"
4548-4,decreased,"Tregojini mjekut tuaj nëse jeni shtatzënë dhe flisni me të për barnat që përdorni, sepse këto mund ta ndikojnë këtë vlerë.","MedlinePlus, ""Hemoglobin A1C (HbA1C) Test"", https://medlineplus.gov/lab-tests/hemoglobin-a1c-hba1c-test/, accessed 2026-10-07"
2160-0,increased,"Flisni me mjekun tuaj për sasinë e lëngjeve që pini, për aktivitetin fizik dhe për ushqimin tuaj, sepse dehidrimi, ushtrimet intensive dhe mishi i shumtë mund ta ndikojnë këtë vlerë.","MedlinePlus, ""Creatinine Test"", https://medlineplus.gov/lab-tests/creatinine-test/, accessed 2026-10-07"
2160-0,decreased,"Flisni me mjekun tuaj për ushqimin tuaj dhe për çdo humbje të masës muskulore, sepse këto mund ta ndikojnë këtë vlerë.","MedlinePlus, ""Creatinine Test"", https://medlineplus.gov/lab-tests/creatinine-test/, accessed 2026-10-07"
3094-0,increased,"Flisni me mjekun tuaj për sasinë e lëngjeve që pini dhe për barnat që përdorni, sepse dehidrimi dhe disa barna mund ta ndikojnë këtë vlerë.","MedlinePlus, ""BUN (Blood Urea Nitrogen)"", https://medlineplus.gov/lab-tests/bun-blood-urea-nitrogen/, accessed 2026-10-07"
3094-0,decreased,"Flisni me mjekun tuaj për ushqimin tuaj, sepse ajo që hani mund ta ndikojë këtë vlerë.","MedlinePlus, ""BUN (Blood Urea Nitrogen)"", https://medlineplus.gov/lab-tests/bun-blood-urea-nitrogen/, accessed 2026-10-07"
3084-1,increased,"Flisni me mjekun tuaj për ushqimin tuaj, sepse mishi i kuq, disa prodhime deti, alkooli dhe pijet e ëmbla mund ta ndikojnë këtë vlerë.","MedlinePlus, ""Uric Acid Test"", https://medlineplus.gov/lab-tests/uric-acid-test/, accessed 2026-10-07"
3084-1,decreased,"Flisni me mjekun tuaj për barnat që përdorni, sepse disa prej tyre mund ta ndikojnë këtë vlerë.","MedlinePlus, ""Uric Acid Test"", https://medlineplus.gov/lab-tests/uric-acid-test/, accessed 2026-10-07"
2951-2,increased,"Flisni me mjekun tuaj për sasinë e lëngjeve që pini dhe për barnat që përdorni, sepse dehidrimi dhe disa barna mund ta ndikojnë këtë vlerë.","MedlinePlus, ""Sodium Blood Test"", https://medlineplus.gov/lab-tests/sodium-blood-test/, accessed 2026-10-07"
2951-2,decreased,"Tregojini mjekut tuaj nëse keni pasur diarre ose të vjella dhe flisni për barnat që përdorni, sepse humbja e lëngjeve dhe disa barna mund ta ndikojnë këtë vlerë.","MedlinePlus, ""Sodium Blood Test"", https://medlineplus.gov/lab-tests/sodium-blood-test/, accessed 2026-10-07"
2823-3,increased,"Flisni me mjekun tuaj për barnat dhe shtesat ushqimore që përdorni dhe pyesni nëse kjo vlerë duhet përsëritur, sepse edhe shtrëngimi i grushtit gjatë marrjes së gjakut mund ta ndikojë.","MedlinePlus, ""Potassium Blood Test"", https://medlineplus.gov/lab-tests/potassium-blood-test/, accessed 2026-10-07"
2823-3,decreased,"Tregojini mjekut tuaj nëse keni pasur diarre, të vjella ose djersitje të shumtë dhe flisni për barnat që përdorni, sepse humbja e lëngjeve dhe disa barna mund ta ndikojnë këtë vlerë.","MedlinePlus, ""Potassium Blood Test"", https://medlineplus.gov/lab-tests/potassium-blood-test/, accessed 2026-10-07"
2075-0,increased,"Flisni me mjekun tuaj për sasinë e lëngjeve që pini, sepse dehidrimi mund ta ndikojë këtë vlerë.","MedlinePlus, ""Chloride Blood Test"", https://medlineplus.gov/lab-tests/chloride-blood-test/, accessed 2026-10-07"
2075-0,decreased,"Tregojini mjekut tuaj nëse keni pasur të vjella ose diarre dhe flisni për sasinë e lëngjeve që pini dhe për barnat që përdorni, sepse këto mund ta ndikojnë këtë vlerë.","MedlinePlus, ""Chloride Blood Test"", https://medlineplus.gov/lab-tests/chloride-blood-test/, accessed 2026-10-07"
17861-6,increased,"Flisni me mjekun tuaj për barnat dhe shtesat ushqimore që përdorni, sepse disa prej tyre mund ta ndikojnë këtë vlerë.","MedlinePlus, ""Calcium Blood Test"", https://medlineplus.gov/lab-tests/calcium-blood-test/, accessed 2026-10-07"
17861-6,decreased,"Flisni me mjekun tuaj për ushqimin tuaj, sepse ajo që hani mund ta ndikojë këtë vlerë.","MedlinePlus, ""Calcium Blood Test"", https://medlineplus.gov/lab-tests/calcium-blood-test/, accessed 2026-10-07"
2777-1,increased,"Flisni me mjekun tuaj për barnat që përdorni për një kohë të gjatë, sepse disa prej tyre mund ta ndikojnë këtë vlerë.","MedlinePlus, ""Phosphate in Blood"", https://medlineplus.gov/lab-tests/phosphate-in-blood/, accessed 2026-10-07"
2777-1,decreased,"Flisni me mjekun tuaj për ushqimin tuaj dhe për barnat që përdorni për një kohë të gjatë, sepse ushqimi dhe disa barna mund ta ndikojnë këtë vlerë.","MedlinePlus, ""Phosphate in Blood"", https://medlineplus.gov/lab-tests/phosphate-in-blood/, accessed 2026-10-07"
2601-3,increased,"Flisni me mjekun tuaj për barnat dhe shtesat ushqimore që përdorni dhe për sasinë e lëngjeve që pini, sepse disa barna dhe dehidrimi mund ta ndikojnë këtë vlerë.","MedlinePlus, ""Magnesium Blood Test"", https://medlineplus.gov/lab-tests/magnesium-blood-test/, accessed 2026-10-07"
2601-3,decreased,"Flisni me mjekun tuaj për ushqimin tuaj, për barnat që përdorni dhe për çdo diarre të zgjatur, dhe pyesni nëse nevojiten analiza të tjera për ta sqaruar këtë vlerë.","MedlinePlus, ""Magnesium Blood Test"", https://medlineplus.gov/lab-tests/magnesium-blood-test/, accessed 2026-10-07"
1742-6,increased,"Flisni me mjekun tuaj për barnat që përdorni dhe për aktivitetin fizik të fortë, sepse këto mund ta ndikojnë këtë vlerë.","MedlinePlus, ""ALT Blood Test"", https://medlineplus.gov/lab-tests/alt-blood-test/, accessed 2026-10-07"
1742-6,decreased,Pyesni mjekun tuaj se si interpretohet kjo vlerë së bashku me analizat e tjera që ju janë bërë.,"MedlinePlus, ""ALT Blood Test"", https://medlineplus.gov/lab-tests/alt-blood-test/, accessed 2026-10-07"
1920-8,increased,"Flisni me mjekun tuaj për aktivitetin fizik, për një shtatzëni të mundshme dhe për barnat që përdorni, sepse këto mund ta ndikojnë këtë vlerë.","MedlinePlus, ""AST Test"", https://medlineplus.gov/lab-tests/ast-test/, accessed 2026-10-07"
1920-8,decreased,Pyesni mjekun tuaj nëse kjo vlerë ka nevojë për ndonjë sqarim të mëtejshëm.,"MedlinePlus, ""AST Test"", https://medlineplus.gov/lab-tests/ast-test/, accessed 2026-10-07"
6768-6,increased,"Pyesni mjekun tuaj nëse nevojiten analiza të tjera për të sqaruar burimin e kësaj vlere, pasi shtatzënia, mosha, ushqimi dhe disa barna mund ta ndikojnë atë.","MedlinePlus, ""Alkaline Phosphatase"", https://medlineplus.gov/lab-tests/alkaline-phosphatase/, accessed 2026-10-07"
6768-6,decreased,"Flisni me mjekun tuaj për ushqimin tuaj dhe për barnat që përdorni, sepse këto mund ta ndikojnë këtë vlerë.","MedlinePlus, ""Alkaline Phosphatase"", https://medlineplus.gov/lab-tests/alkaline-phosphatase/, accessed 2026-10-07"
2324-2,increased,"Flisni me mjekun tuaj për barnat që përdorni, për alkoolin dhe për duhanin, sepse këto mund ta ndikojnë këtë vlerë.","MedlinePlus, ""Gamma-Glutamyl Transferase (GGT) Test"", https://medlineplus.gov/lab-tests/gamma-glutamyl-transferase-ggt-test/, accessed 2026-10-07"
2324-2,decreased,"Tregojini mjekut tuaj nëse kishit ngrënë para analizës, sepse ushqimi mund ta ndikojë këtë vlerë.","MedlinePlus, ""Gamma-Glutamyl Transferase (GGT) Test"", https://medlineplus.gov/lab-tests/gamma-glutamyl-transferase-ggt-test/, accessed 2026-10-07"
1975-2,increased,"Flisni me mjekun tuaj për barnat që përdorni, për ushqimin dhe për aktivitetin fizik të fortë, sepse këto mund ta ndikojnë këtë vlerë.","MedlinePlus, ""Bilirubin Blood Test"", https://medlineplus.gov/lab-tests/bilirubin-blood-test/, accessed 2026-10-07"
1975-2,decreased,"Flisni me mjekun tuaj për barnat që përdorni, sepse disa prej tyre mund ta ndikojnë këtë vlerë, e cila zakonisht nuk është shqetësuese.","MedlinePlus, ""Bilirubin Blood Test"", https://medlineplus.gov/lab-tests/bilirubin-blood-test/, accessed 2026-10-07"
1751-7,increased,"Flisni me mjekun tuaj për sasinë e lëngjeve që pini dhe për barnat që përdorni, sepse dehidrimi dhe disa barna mund ta ndikojnë këtë vlerë.","MedlinePlus, ""Albumin Blood Test"", https://medlineplus.gov/lab-tests/albumin-blood-test/, accessed 2026-10-07"
1751-7,decreased,"Tregojini mjekut tuaj nëse jeni shtatzënë, nëse nuk kishit ngrënë për një kohë të gjatë para analizës ose nëse përdorni ndonjë bar, sepse këto mund ta ndikojnë këtë vlerë.","MedlinePlus, ""Albumin Blood Test"", https://medlineplus.gov/lab-tests/albumin-blood-test/, accessed 2026-10-07"
2885-2,increased,Pyesni mjekun tuaj nëse nevojiten analiza të tjera për ta sqaruar këtë vlerë.,"MedlinePlus, ""Total Protein and Albumin/Globulin (A/G) Ratio"", https://medlineplus.gov/lab-tests/total-protein-and-albumin-globulin-a-g-ratio/, accessed 2026-10-07"
2885-2,decreased,"Flisni me mjekun tuaj për ushqimin tuaj dhe për çdo problem të tretjes, sepse këto mund ta ndikojnë këtë vlerë.","MedlinePlus, ""Total Protein and Albumin/Globulin (A/G) Ratio"", https://medlineplus.gov/lab-tests/total-protein-and-albumin-globulin-a-g-ratio/, accessed 2026-10-07"
2093-3,increased,"Flisni me mjekun tuaj për ushqimin, aktivitetin fizik dhe zakonet tuaja të përditshme, para se të bëni ndonjë ndryshim të madh.","MedlinePlus, ""Cholesterol Levels"", https://medlineplus.gov/lab-tests/cholesterol-levels/, accessed 2026-10-07"
2093-3,decreased,"Pyesni mjekun tuaj se cila vlerë është e përshtatshme për ju, pasi kjo varet nga mosha, historia familjare dhe mënyra e jetesës.","MedlinePlus, ""Cholesterol Levels"", https://medlineplus.gov/lab-tests/cholesterol-levels/, accessed 2026-10-07"
2085-9,increased,"Pyesni mjekun tuaj se si interpretohet kjo vlerë së bashku me rezultatet e tjera të analizës suaj, pasi ajo zakonisht konsiderohet e favorshme.","MedlinePlus, ""HDL: The Good Cholesterol"", https://medlineplus.gov/hdlthegoodcholesterol.html, accessed 2026-10-07"
2085-9,decreased,"Flisni me mjekun tuaj për ushqimin, peshën, aktivitetin fizik, duhanin dhe alkoolin, sepse mënyra e jetesës mund ta ndikojë këtë vlerë.","MedlinePlus, ""HDL: The Good Cholesterol"", https://medlineplus.gov/hdlthegoodcholesterol.html, accessed 2026-10-07"
13457-7,increased,"Flisni me mjekun tuaj për ushqimin, peshën, aktivitetin fizik, duhanin dhe barnat që përdorni, sepse këto mund ta ndikojnë këtë vlerë.","MedlinePlus, ""LDL: The Bad Cholesterol"", https://medlineplus.gov/ldlthebadcholesterol.html, accessed 2026-10-07"
13457-7,decreased,"Pyesni mjekun tuaj se si interpretohet kjo vlerë së bashku me rezultatet e tjera të analizës suaj, pasi ajo zakonisht konsiderohet e favorshme.","MedlinePlus, ""Cholesterol Levels"", https://medlineplus.gov/lab-tests/cholesterol-levels/, accessed 2026-10-07"
2571-8,increased,"Flisni me mjekun tuaj për ushqimin, aktivitetin fizik, gjumin, stresin dhe alkoolin, para se të bëni ndonjë ndryshim të madh.","MedlinePlus, ""Triglycerides Test"", https://medlineplus.gov/lab-tests/triglycerides-test/, accessed 2026-10-07"
2571-8,decreased,"Pyesni mjekun tuaj se si interpretohet kjo vlerë, pasi raste të tilla janë shumë të rralla.","MedlinePlus, ""Triglycerides Test"", https://medlineplus.gov/lab-tests/triglycerides-test/, accessed 2026-10-07"
3016-3,increased,Flisni me mjekun tuaj për barnat që përdorni dhe pyesni nëse nevojiten analiza të tjera për ta sqaruar këtë vlerë.,"MedlinePlus, ""TSH (Thyroid-stimulating hormone) Test"", https://medlineplus.gov/lab-tests/tsh-thyroid-stimulating-hormone-test/, accessed 2026-10-07"
3016-3,decreased,"Tregojini mjekut tuaj nëse jeni shtatzënë ose nëse keni pasur së fundmi probleme serioze shëndetësore, sepse këto mund ta ndikojnë përkohësisht këtë vlerë.","MedlinePlus, ""TSH (Thyroid-stimulating hormone) Test"", https://medlineplus.gov/lab-tests/tsh-thyroid-stimulating-hormone-test/, accessed 2026-10-07"
3024-7,increased,Flisni me mjekun tuaj për barnat që përdorni dhe pyesni nëse nevojiten analiza të tjera për ta sqaruar këtë vlerë.,"MedlinePlus, ""Thyroxine (T4) Test"", https://medlineplus.gov/lab-tests/thyroxine-t4-test/, accessed 2026-10-07"
3024-7,decreased,"Tregojini mjekut tuaj nëse keni pasur së fundmi probleme serioze shëndetësore dhe flisni për barnat që përdorni, sepse këto mund ta ndikojnë këtë vlerë.","MedlinePlus, ""Thyroxine (T4) Test"", https://medlineplus.gov/lab-tests/thyroxine-t4-test/, accessed 2026-10-07"
3051-0,increased,"Pyesni mjekun tuaj se si interpretohet kjo vlerë së bashku me analizat e tjera që ju janë bërë, dhe tregojini për barnat që përdorni.","MedlinePlus, ""Triiodothyronine (T3) Tests"", https://medlineplus.gov/lab-tests/triiodothyronine-t3-tests/, accessed 2026-10-07"
3051-0,decreased,"Flisni me mjekun tuaj për barnat dhe produktet e tjera që përdorni, sepse ato mund ta ndikojnë këtë vlerë.","MedlinePlus, ""Triiodothyronine (T3) Tests"", https://medlineplus.gov/lab-tests/triiodothyronine-t3-tests/, accessed 2026-10-07"
2276-4,increased,"Tregojini mjekut tuaj nëse keni kaluar së fundmi një infeksion ose një operacion, sepse këto mund ta ndikojnë këtë vlerë.","MedlinePlus, ""Ferritin Blood Test"", https://medlineplus.gov/lab-tests/ferritin-blood-test/, accessed 2026-10-07"
2276-4,decreased,"Flisni me mjekun tuaj për barnat që përdorni, sepse disa prej tyre mund ta ndikojnë këtë vlerë.","MedlinePlus, ""Ferritin Blood Test"", https://medlineplus.gov/lab-tests/ferritin-blood-test/, accessed 2026-10-07"
2498-4,increased,Pyesni mjekun tuaj nëse kjo vlerë duhet përsëritur esëll dhe në mëngjes.,"MedlinePlus, ""Iron Tests"", https://medlineplus.gov/lab-tests/iron-tests/, accessed 2026-10-07"
2498-4,decreased,"Tregojini mjekut tuaj nëse analiza është bërë gjatë ciklit menstrual, sepse kjo mund ta ndikojë këtë vlerë.","MedlinePlus, ""Iron Tests"", https://medlineplus.gov/lab-tests/iron-tests/, accessed 2026-10-07"
1988-5,increased,"Flisni me mjekun tuaj për barnat që përdorni, sepse disa prej tyre mund ta ndikojnë këtë vlerë.","MedlinePlus, ""C-Reactive Protein (CRP) Test"", https://medlineplus.gov/lab-tests/c-reactive-protein-crp-test/, accessed 2026-10-07"
1988-5,decreased,,[BURIMI — plotësohet]
2132-9,increased,"Flisni me mjekun tuaj për barnat që përdorni, sepse disa prej tyre mund ta ndikojnë këtë vlerë.","MedlinePlus, ""Vitamin B Test"", https://medlineplus.gov/lab-tests/vitamin-b-test/, accessed 2026-10-07"
2132-9,decreased,Pyesni mjekun tuaj nëse nevojiten analiza të tjera për ta sqaruar këtë vlerë.,"MedlinePlus, ""Vitamin B Test"", https://medlineplus.gov/lab-tests/vitamin-b-test/, accessed 2026-10-07"
1989-3,increased,"Flisni me mjekun tuaj për shtesat ushqimore që përdorni, sepse ato mund ta ndikojnë këtë vlerë.","MedlinePlus, ""Vitamin D Test"", https://medlineplus.gov/lab-tests/vitamin-d-test/, accessed 2026-10-07"
1989-3,decreased,"Flisni me mjekun tuaj për ushqimin tuaj, për ekspozimin ndaj diellit dhe për barnat që përdorni, sepse këto mund ta ndikojnë këtë vlerë.","MedlinePlus, ""Vitamin D Test"", https://medlineplus.gov/lab-tests/vitamin-d-test/, accessed 2026-10-07"
